"Id";"Designator";"Package";"Quantity";"Designation";"Supplier and ref";
1;"R1";"R_Axial_DIN0207_L6.3mm_D2.5mm_P10.16mm_Horizontal";1;"1K";;;
2;"R3,R4";"R_Axial_DIN0207_L6.3mm_D2.5mm_P7.62mm_Horizontal";2;"47R";;;
3;"D2";"LED_D3.0mm_Clear";1;"LED";;;
4;"J1";"USB_A_CNCTech_1001-011-01101_Horizontal";1;"USB_A";;;
5;"U1";"DIP-8_W7.62mm";1;"ATtiny85-20P";;;
6;"D1";"D_DO-41_SOD81_P10.16mm_Horizontal";1;"1N5819";;;
7;"D4,D3";"D_A-405_P10.16mm_Horizontal";2;"D_Zener";;;
8;"R2";"R_Axial_DIN0207_L6.3mm_D2.5mm_P7.62mm_Horizontal";1;"330";;;
